"Preču plūsma,""Valstis"",""2005"",""2006"",""2007"",""2008"",""2009"",""2010"",""2011"",""2012"",""2013"",""2014"",""2015"",""2016"",""2017"",""2018"",""2019"",""2020"",""2021"""
"Eksports,""TOTAL PAVISAM"",4109584041,4685812188,5748817375,6301820317,5125529213,6680217842,8535119006,9871053741,10021291183,10386306949,10504567382,10490023595,11647288907,12773392448,12965597145,13304660251,11737345662"
"Eksports,""AD Andora"",3567,21390,16972,18575,0,0,5070,34347,144837,189953,151967,5153,226965,41384,34792,37503,10270"
"Eksports,""AE Apvienotie Arābu Emirāti"",1726434,1914152,1651228,9793754,4531921,11634278,21802787,21696266,19887176,28161252,80782449,79083245,107739999,44625880,45101136,52341063,41752982"
"Eksports,""AF Afganistāna"",240813,325609,795008,58104,339220,10400932,131200997,136200755,14656424,3626265,2231125,2049828,1822159,1935567,2016150,1380968,407638"
"Eksports,""AG Antigva un Barbuda"",1704633,932723,613389,718413,446129,439449,713050,546516,925529,657792,670893,281641,113973,134661,56820,87573,69627"
"Eksports,""AI Angilja"",0,0,0,0,0,1449,0,0,6515,167,29,0,58435,39030,1811,0,9706"
"Eksports,""AL Albānija"",87191,28272,50131,101838,515128,311951,475559,305512,486973,798850,1206372,1182183,1548221,1569147,1856995,2106860,1289509"
"Eksports,""AM Armēnija"",1518693,1500939,1742884,2631192,1382646,2160463,2175083,2202846,2244560,3080786,5169301,3739554,4947227,6765856,6991144,6670891,5471391"
"Eksports,""AN Nīderlandes Antiļas"",375570,179046,253328,92909,45481,53750,162043,92544,0,0,0,0,0,0,0,0,0"
"Eksports,""AO Angola"",0,0,0,576,41365,3698,1393037,2888768,5596577,6440758,11400432,8409083,9358761,2879848,3414275,9122576,350484"
"Eksports,""AR Argentīna"",169273,556325,1344183,1557561,1103908,1214743,1856701,1607827,2498094,1652412,3869285,2840252,6896611,5211491,4876375,5280901,5852889"
"Eksports,""AS ASV Samoa"",0,0,0,0,0,0,0,31787,0,94157,3599,685,0,0,0,0,0"
"Eksports,""AT Austrija"",17098732,20397766,32249074,27138170,37036439,22277183,29449678,26943102,37240725,40988427,53984339,42485707,50375593,84393111,73327701,69887096,62215830"
"Eksports,""AU Austrālija"",2169744,1748202,1699469,2345163,2110929,2621857,3991712,5515076,7716006,9207602,13445191,10894917,14587433,24945957,18037089,23031414,26656507"
"Eksports,""AW Aruba"",0,10140,27965,56432,2409,0,0,948,0,29342,0,0,1214,60104,4738,145,0"
"Eksports,""AZ Azerbaidžāna"",3336766,6017037,5910077,10804673,11302541,13799371,18139614,16946262,23375866,25211926,21785762,12714321,15707446,19975522,17002335,17950544,13661390"
"Eksports,""BA Bosnija un Hercegovina"",229895,41727,513849,730723,395356,694475,550194,888147,967165,3662217,3732649,3377322,2962238,3020465,3195446,3722674,3244058"
"Eksports,""BB Barbadosa"",173584,176936,170546,225366,51089,43680,108447,36558,63309,58393,62532,41094,33033,28274,80988,28747,32633"
"Eksports,""BD Bangladeša"",492361,44243,190756,314650,1096020,2445656,1553688,131263,1404804,692759,758563,1495194,2997613,6697362,3691123,3175318,505036"
"Eksports,""BE Beļģija"",29063119,65998615,59468973,62581415,61227919,82265514,91609477,126120500,122443675,124577132,118804423,122820564,170513693,150309073,152028643,164033273,157788732"
"Eksports,""BF Burkinafaso"",0,13061,5003,0,0,89950,0,2261,0,189845,864498,381436,7782200,472563,94788,153320,939122"
"Eksports,""BG Bulgārija"",3299828,3633136,5551696,8123369,6650746,10618203,12642832,14918238,18515962,23519789,35041650,40998376,28828976,26944385,47018330,39685762,32412396"
"Eksports,""BH Bahreina"",66783,49744,88562,560194,291977,248210,142131,196667,285167,1039035,1837905,255404,406982,425618,6084988,621227,847452"
"Eksports,""BI Burundi"",417169,96478,931,13080,0,0,0,0,448,0,37041,27446,109271,5583,535755,25355,11239"
"Eksports,""BY Baltkrievija"",82013756,108055579,131751488,139393332,131163918,142060375,152854395,180785896,186866181,177581688,151618246,107340478,154168465,163800827,192339393,183054802,132107214"
"Eksports,""BJ Benina"",531,169739,136564,177403,296673,108896,966001,104976,135486,6056856,625029,282028,415228,323238,1891182,1005660,2082405"
"Eksports,""BL Senbartelmī"",0,0,0,0,0,0,0,0,229,0,0,1089,0,0,0,0,0"
"Eksports,""BM Bermudu salas"",114,0,29764,18700,16706,14180,29381,34836,111817,74376,138949,2612838,71879,63104,64169,71025,23257"
"Eksports,""BN Bruneja Darusalama (Bruneja)"",0,420,643,0,0,0,0,2083,18544,13351,20039,8853,590,12019,3883,4705,8521"
"Eksports,""BO Bolīvijas Daudznāciju Valsts (Bolīvija)"",9011,17033,48572,82315,46514,80480,80721,512729,802529,686029,485723,664979,1136748,1255661,885432,1110801,844448"
"Eksports,""BQ Bonaire, Sintēstatiusa un Saba"",0,0,0,0,0,0,0,0,0,904,0,0,0,0,0,0,2187"
"Eksports,""BR Brazīlija"",427148,694052,1193318,1565757,994866,2735015,3188198,5007291,3748231,6845493,7992919,4634957,6773869,10182410,13170140,14889683,18224665"
"Eksports,""BS Bahamu Salas"",909509,769758,1182759,940604,207097,73293,177709,238072,223797,287099,365084,270854,260769,667386,454757,322956,181077"
"Eksports,""BT Butāna"",2617,0,0,0,0,0,0,0,0,0,0,21,0,0,0,0,0"
"Eksports,""BW Botsvāna"",0,1291,27711,15595,1468,230828,7069,1210,47961,42746,0,58233,61931,42412,34425,8659,26886"
"Eksports,""BZ Beliza"",553113,538138,595535,747165,966923,1451514,1423586,4081923,2173667,830357,215910,101015,116090,11517,25089,362342,12303"
"Eksports,""CA Kanāda"",16795370,21816410,16007838,14016803,6408340,7787075,10730182,10278890,11647293,15288186,16498295,19658482,24212328,21715704,24546059,23891888,25796168"
"Eksports,""CD Kongo Demokrātiskā Republika (bijusī Zaira)"",0,0,5181,460124,250228,2124,1275,4789,90053,4494308,394982,82399,9079,130889,5724407,2885688,187100"
"Eksports,""CF Centrālāfrikas Republika"",0,0,29858,0,0,0,5857,0,0,8347,0,16814,148,996,26998,19446,9815"
"Eksports,""CG Kongo"",16040,1016,0,958,0,35471,5219,32721,126996,3605300,438933,641858,477594,315079,3337018,1423938,31779"
"Eksports,""CH Šveice"",66458033,57190487,39232632,44315856,24517034,32959731,37034782,36416025,33113109,34284496,37772502,43870161,36652938,63527076,45669720,57064645,39490906"
"Eksports,""CI Kotdivuāra"",5842,1757,0,100,0,280,779,15096,2342,81742,260856,289135,241935,598570,778754,1523148,750670"
"Eksports,""CY Kipra"",17169171,13714200,19122966,15548212,10107950,13860596,27990253,91475254,85285285,33573167,29640628,25137199,12141278,10662328,11494005,15287918,12250526"
"Eksports,""CK Kuka salas"",0,0,0,10482,22887,445,56188,3429,864,27475,9664,90,4929,550,0,1640,830"
"Eksports,""CL Čīle"",5081748,2146903,484846,928670,1380323,3889587,4145347,5456737,3202606,4568281,6983792,4193840,4982770,6081902,4568224,11187264,4830535"
"Eksports,""CM Kamerūna"",2732,3923,40158,62769,1964659,129114,779308,187438,140697,318795,490041,173251,426563,852922,464914,592901,219071"
"Eksports,""CN Ķīna"",8233513,15269343,16443898,18300753,15802766,25014584,39734809,46583269,83346088,105450220,108467860,120315672,142638023,159087700,161736784,155316732,110742084"
"Eksports,""CO Kolumbija"",2003977,1393228,1000986,653661,733755,756771,787326,1361128,1423225,1678134,2009900,2489108,2516447,3225426,3496391,5438932,4671151"
"Eksports,""CR Kostarika"",274111,224287,209529,182105,373151,307915,198041,332860,372830,369978,415892,552652,777386,563729,601655,909096,1309216"
"Eksports,""CS Čehoslovākija"",689491,0,0,0,0,0,0,0,0,0,0,0,0,0,0,0,0"
"Eksports,""CU Kuba"",393,15943,26213,320,17644,446810,2820,30373,23237,10324,107881,4716,210651,15230,353816,0,0"
"Eksports,""CV Kaboverde"",0,0,74156,0,2437,0,145915,0,0,0,0,3622,0,5298,2494,0,3217"
"Eksports,""CW Kirasao"",0,0,0,0,0,0,0,0,0,69380,123428,167305,214069,175669,329962,262601,492069"
"Eksports,""CZ Čehija"",17304789,30306844,33964317,39528311,39520645,40541487,65980723,80269328,111283015,143223870,175898741,143547348,179259193,160733392,168260870,149423845,130797213"
"Eksports,""DE Vācija"",421038059,472771950,502370867,510027536,446769736,582764934,706263031,782559543,742160489,702569164,658899901,740101463,838643423,873621618,940494489,962051594,856466424"
"Eksports,""DJ Džibutija"",113731,30276,56043,91710,339183,298404,347160,352200,241077,224516,455892,9000743,202093,23379,68553,229200,264881"
"Eksports,""DK Dānija"",218462650,234504580,229217795,287631053,211471086,258471459,286615475,388650730,410343624,386779317,417275026,480212465,489840720,548868355,554189538,606962267,517253134"
"Eksports,""DM Dominika"",208419,414032,413960,140278,28072,20381,53747,19920,112704,13939,79827,3109,51359,50653,14858,10822,0"
"Eksports,""DO Dominikānas Republika"",134394,158644,329789,374057,358740,203257,240351,573695,480122,1087064,921657,1089026,1639681,1175514,1424936,1444386,797927"
"Eksports,""DZ Alžīrija"",7113101,25517872,11917583,14919474,130217608,130011314,49281152,204739541,95537802,5317784,141309316,63466441,26943079,1329097,6753635,81092644,15705503"
"Eksports,""EC Ekvadora"",1161,181750,425081,498554,316426,490087,753621,1005793,1971391,2509424,3615994,2740251,2793020,3385152,2633397,5201906,3402323"
"Eksports,""EE Igaunija"",444378703,596354248,827773842,884581055,737626762,900680222,1164303009,1285607300,1275558185,1210185678,1204497816,1247073934,1346221445,1405758921,1527730634,1551297341,1282122000"
"Eksports,""EG Ēģipte"",4047880,6506984,3171192,6349825,21931911,43049971,32992393,42078939,32979929,57157371,50715677,50420577,49045461,71766835,44814875,44551126,31657880"
"Eksports,""ER Eritreja"",25884,20312,0,0,0,0,0,0,0,21972,0,0,131342,240311,9176,0,0"
"Eksports,""ES Spānija"",52982608,54247523,80777889,94228909,54569461,75890046,64808881,54326692,58955677,135375104,133397988,107735668,128739857,157884420,178550114,162793744,123013535"
"Eksports,""ET Etiopija"",185273,414246,68302,72984,246313,4223345,167248,147568,264358,501666,452756,9199423,263276,97721,128158,303254,1357535"
"Eksports,""FI Somija"",144647954,136828441,180736625,195472435,145842284,211138302,262189799,268413474,264624555,202553484,190278144,204973677,230009272,298467709,318463845,353868084,284624104"
"Eksports,""FJ Fidži"",33732,24627,21908,0,0,0,0,0,4336,165,63,106,4403,2590,17441,7947,5543"
"Eksports,""FK Folklenda Salas"",0,0,0,300396,15840,9407,6010,176,21848,5637,46493,12348,29949,53386,43991,2076,0"
"Eksports,""FO Fēru Salas (DK)"",95432,175740,247710,598818,92056,253669,3143984,277665,379608,1008011,1693482,1811687,1881197,1850733,3836936,3442032,3673814"
"Eksports,""FR Francija"",73711206,81478434,90102462,115634964,95099872,107881547,123545506,139782670,150419100,150626591,183002719,178415773,188967504,226008228,249662323,263510940,281527001"
"Eksports,""GA Gabona"",0,13315,350017,52896,85426,411688,71770,30357,13576,280878,276236,376182,200008,173497,353232,199047,86022"
"Eksports,""GB Apvienotā Karaliste"",415013918,366015632,394260512,237170212,164122217,234392960,260462573,321102122,367626009,510893080,542884848,579424215,596424819,727752599,726603242,762416613,915382021"
"Eksports,""GD Grenāda"",0,0,0,0,0,677,0,90,0,0,0,0,1872,1450,23907,4716,9978"
"Eksports,""GE Gruzija"",3733590,4336274,5184360,6898437,9428619,8283246,10507706,12433217,17655829,11004225,14267882,15507201,32554895,37007457,43631407,27383322,23052364"
"Eksports,""GH Gana"",277097,38917,236730,247889,353109,246807,679615,314769,258194,461246,1770734,2705121,2339214,1458637,1940685,15848181,5570007"
"Eksports,""GI Gibraltārs"",843218,1457821,904622,135786,70361,53988,339084,627028,623273,521232,385189,39353904,22859,132513,117657,1230282,598924"
"Eksports,""GY Gajāna"",0,5960,9796,6442,8881,3654,2649,44570,26290,108188,46678,6548,61581,136340,252829,195094,34980"
"Eksports,""GL Grenlande"",0,9553,3546,46571,0,1632,1612,49585,90698,38235,62975,103194,92064,105669,45824,31330,181959"
"Eksports,""GM Gambija"",109327,252377,130497,68111,12997,295032,1020226,102119,28725,1083661,322893,219301,265526,272425,384321,362689,610742"
"Eksports,""GN Gvineja"",2409,2374,16920,32699,32947,42875,906813,175999,91343,122931,7491399,201879,156700,131240,465648,4019889,117994"
"Eksports,""GQ Ekvatoriālā Gvineja"",0,0,52578,45726,73570,78849,324538,212184,211108,392956,538180,524495,618962,592504,790004,556986,350973"
"Eksports,""GR Grieķija"",4331432,4695683,12723897,4743002,6045492,6174883,6803706,5821822,11589757,16643524,17515175,15606074,13446853,18709764,22065980,31115124,23475301"
"Eksports,""GS Dienviddžordžija un Dienvidsendviču salas"",0,0,0,0,0,0,0,0,0,0,0,0,0,0,0,0,0"
"Eksports,""GT Gvatemala"",165785,92289,122816,179134,119509,125874,119012,135496,282885,243431,487220,744937,1034242,836525,1390369,1216675,1249121"
"Eksports,""GU Guama"",0,0,0,0,0,0,0,58109,18480,27945,14996,11169,38922,9070,26130,10295,10492"
"Eksports,""GW Gvineja-Bisava"",0,0,1544,4226,1751684,2829,193989,38672,102857,63006,42527,28916,0,9900,7450,14481,0"
"Eksports,""HK Honkonga"",2889953,1981301,2943744,5889781,4749143,4792923,9087061,7778657,10199956,22236250,33918123,23415062,29906156,26023673,36157333,39100341,30996807"
"Eksports,""HN Hondurasa"",34720,68270,88586,109381,228220,184524,170017,218382,336019,284616,553819,800590,868542,592546,919217,791727,947005"
"Eksports,""HR Horvātija"",2460184,1258317,1817159,1475887,1326441,4286249,2307602,3708430,3652214,5152801,2493440,4109508,6476335,8512121,12806661,14675730,14722305"
"Eksports,""HT Haiti"",6953,14489,9617,4480,22084,15705,20608,13181,12698,11850611,29640,42849,60508,83406,6780,7807,34323"
"Eksports,""HU Ungārija"",20997567,20290422,19653018,19846727,19223124,25848597,24407131,21068015,24844825,69778012,48979314,43133400,49099369,65617199,64981980,70097771,84038890"
"Eksports,""ID Indonēzija"",111965,531381,769127,1630586,1248683,5692201,3426890,1677245,2383146,873389,12605655,903421,5569592,15220725,22102015,15215262,11477062"
"Eksports,""IE Īrija"",62365335,68432319,63044792,71761197,23042121,26728357,21885766,30377556,20610314,23494492,26499515,29015654,37560177,52102719,52592963,55888053,51181873"
"Eksports,""IL Izraēla"",5529151,6886868,6991507,7287640,11322771,15632930,15418032,21411085,22477184,24207098,25705906,25456659,34621931,35616388,31013372,61470566,33894130"
"Eksports,""IN Indija"",2540362,6393801,8279069,8946866,8241027,35995952,75229929,41875857,21933406,14891345,20940014,28743295,24469769,33009603,28643858,20963001,17992691"
"Eksports,""IO Britu Indijas okeāna teritorija"",0,0,0,0,1780,0,0,0,2304,0,0,0,0,0,0,0,0"
"Eksports,""IQ Irāka"",467890,223434,244670,803748,1325198,903055,1151497,1364076,1442413,1660013,2883887,3553200,1990457,1950334,3370534,2155137,1570948"
"Eksports,""IR Irānas Islāma Republika"",665179,67646,575496,7265082,7063382,982036,845462,71616011,88801200,83902974,5134014,2912043,2982827,5073364,203018,122188,368887"
"Eksports,""IS Islande"",25296368,33956730,40706246,27532301,11320898,9818830,11290698,13534146,12720860,14114028,14765004,18616032,26702549,30665646,31434832,30251183,24745839"
"Eksports,""IT Itālija"",66943336,96277633,88088850,108428575,82838234,130457396,130549110,110710745,127407119,145894798,140540024,144482023,176500435,200974871,192495636,213175488,171100442"
"Eksports,""YE Jemena"",703766,933732,808219,4092806,5310043,6025538,93843,50714,113717,662907,93797,4936490,92499,41612,300661,118628,178586"
"Eksports,""YT Majota"",0,0,12699,16590,9681,16901,5890,8001,28098,0,0,0,0,0,0,0,0"
"Eksports,""YU Serbija un Melnkalne"",0,0,0,0,0,0,0,0,0,0,0,0,0,0,0,0,0"
"Eksports,""JM Jamaika"",0,0,884,0,0,12062,11501,15494,20968,11266,24249,42839,486827,34467,38287,28160,15387"
"Eksports,""JO Jordānija"",307640,265576,381427,565901,659262,795810,3021753,3498579,2302356,2932737,2716403,2690809,3912742,2234563,2434529,1639522,1544476"
"Eksports,""JP Japāna"",35306044,33812695,28589839,21868997,25035799,33633635,34792370,34615298,44090952,32989229,39592073,48524194,50525675,53343194,56637330,50098966,46133410"
"Eksports,""KE Kenija"",438453,422670,370151,161177,5059764,158935,137778,200740,368241,6501299,14091428,22447716,22636739,579536,37637415,22213864,10912525"
"Eksports,""KG Kirgizstāna"",1043248,2113704,2820847,2793214,2778243,3651104,12766704,7613413,11788425,12650860,11272554,12132799,11515658,9112781,9814963,8771520,5083943"
"Eksports,""KH Kambodža"",114031,216743,253481,339779,216443,38041,1293589,543213,17561,67246,105932,152456,208305,529480,582682,417386,1753149"
"Eksports,""KI Kiribati"",0,0,0,0,0,0,0,0,0,399,0,0,0,0,0,0,0"
"Eksports,""KY Kaimanu salas"",272545,156009,335237,16463,99518,55280,12348,42493,29891,36714,45213,29996,44001,26881,49569,49275,104150"
"Eksports,""KM Komoru Salas"",8142,34067,16302,62471,7305,0,0,9176,57488,98915,29564,0,0,0,0,5240,0"
"Eksports,""KN Sentkitsa un Nevisa"",431244,4321,30047,222430,75538,157947,37387,18188,192881,556148,264232,53111,62637,75026,508839,38523,11888"
"Eksports,""KP Ziemeļkoreja"",0,0,0,0,0,0,0,0,47434,0,69446,0,0,68296,0,0,0"
"Eksports,""KR Dienvidkoreja"",6111289,8942860,12797717,12397487,8801483,9503408,19375340,24489211,25655738,39898087,41885561,48863002,61798754,61683669,71370400,77364875,67421876"
"Eksports,""KW Kuveita"",403777,331208,302249,286043,179659,861854,1444124,1615299,3097681,3238551,3118626,1792381,2309841,14273569,8118381,1896449,2717995"
"Eksports,""KZ Kazahstāna"",13511336,18960172,33086206,30115005,28289950,28298887,48835930,47019536,60210148,48554063,42237325,39999806,36806609,40841522,55304432,42527925,33329306"
"Eksports,""LA Laosas Tautas Demokrātiskā Republika (Laosa)"",19066,31245,62131,13069,10021,0,0,1811,35201,2854,16780,208342,139423,486738,100675,230907,253911"
"Eksports,""LB Libāna"",865293,937261,625141,936852,2537960,1728783,2506682,12617189,4169591,6549295,11671797,5571950,4200148,3754976,3498235,1484086,984474"
"Eksports,""LC Sentlūsija"",0,0,0,41893,0,0,0,0,0,0,0,0,52,0,0,0,0"
"Eksports,""LI Lihtenšteina"",376,0,583044,3866,130286,200,354,3886,26562,562,13492,64626,288730,37656,141078,106652,51488"
"Eksports,""LY Lībija"",55284,3374882,4685269,3991554,24699274,1973368,4003068,22354458,274216,11721791,8228492,2953071,9641195,8313817,2060446,9778465,1140799"
"Eksports,""LK Šrilanka"",83491,223369,287438,219972,184461,234843,323205,318719,243607,290710,551550,539446,653694,722157,865049,1049757,764319"
"Eksports,""LR Libērija"",2199908,2918865,3205586,1557582,509544,309294,414188,349024,813271,677919,543372,282678,177765,96289,184973,130034,151404"
"Eksports,""LS Lesoto"",0,0,0,0,0,0,0,0,0,0,0,0,0,0,0,0,0"
"Eksports,""LT Lietuva"",452217005,687306152,908690859,1052584661,840027986,1084571972,1546282890,1575584556,1724334724,2060155155,2133338549,2015302702,2042216774,2183533350,2206891017,2169281963,2073412936"
"Eksports,""LU Luksemburga"",419703,602398,2543461,2574791,2512925,2440878,1795072,2056371,9237466,10009667,7020859,11694347,8961478,9278550,8319165,10311783,9150714"
"Eksports,""MA Maroka"",1701012,1415735,8681635,31994990,18224319,3386195,4615951,9135262,2019734,14050025,8098733,13956475,4745013,6612970,4811883,62393067,11857163"
"Eksports,""MD Moldova"",7325632,8062622,7501713,7807802,6228660,6824266,9055378,10378704,11164236,12596542,12126340,14027636,17304495,19464473,21361568,19615015,15445814"
"Eksports,""ME Melnkalne"",0,0,19540,36050,78605,83753,10046,2701,76549,93703,210654,174416,400910,270611,265033,255841,219157"
"Eksports,""MG Madagaskara"",295494,31169,206,2413,191127,396292,848222,1260466,821432,1377690,1311684,231800,219126,1152336,1695897,7828195,1661059"
"Eksports,""MH Māršala salas"",618071,954607,1214185,337884,375006,578156,482409,277826,533243,796329,1093372,280380,85958,8151583,1870542,169975,18652"
"Eksports,""MY Malaizija"",986233,1070234,716607,934582,936156,2977576,5676451,11781342,10136769,4464436,8322577,7230763,8278586,8360777,10708709,7811040,7664723"
"Eksports,""MK Ziemeļmaķedonija"",6066,49410,25081,387560,493647,700380,584692,813215,935988,2544164,3054789,2006506,2010574,1715606,1841774,2988832,1551184"
"Eksports,""ML Mali"",12236,206129,19146,0,5204,11782,32496,26189,22188,18586,188413,244590,343567,470945,196696,514831,166911"
"Eksports,""MM Mjanma"",0,0,0,1106,0,3402,2117,0,5710,39079,1143307,224098,380672,498151,192419,54778,22647"
"Eksports,""MN Mongolija"",230742,202210,691326,648362,154142,246659,828806,3616192,1468345,792972,748065,982059,1133513,1632076,2358762,2354798,4419373"
"Eksports,""MO Makao"",0,0,0,0,33565,0,0,329,694,1546,14030,33582,73360,950242,1286108,177367,290602"
"Eksports,""MP Ziemeļu Marianas Salas"",0,0,0,0,0,0,0,0,7005,0,0,0,0,0,0,0,0"
"Eksports,""MR Mauritānija"",0,552,1010,2075,4484120,0,0,154468,70462,124396,5415516,4352861,81199,409333,7471856,70673,12474189"
"Eksports,""MS Montserrata"",0,0,0,0,0,0,0,0,0,0,0,0,0,3475,0,0,0"
"Eksports,""MT Malta"",19711995,8493901,5664157,1696958,1179035,1731759,7834524,5886893,5190249,9584248,5937470,8989641,11449515,10337671,10937865,8122958,8625918"
"Eksports,""MU Maurīcija"",686,0,0,10751,8012,16632,13507,15506,9771,28670,153437,95100,168468,116846,175658,255321,148699"
"Eksports,""MV Maldīvija"",1915,20432,4011,2791,8830,1959,16172,8081,45589,91585,189323,275574,177241,468856,125431,125861,218857"
"Eksports,""MW Malāvija"",0,20374,31479,25000,0,0,0,63817,0,1439,0,4340,2353284,51559,286420,105653,2544"
"Eksports,""MX Meksika"",934299,1436244,1692288,858744,1230939,1610193,1618332,2284075,2700322,4007911,5861529,6370440,8053754,8417456,12270424,7528008,5283969"
"Eksports,""MZ Mozambika"",10212,12032,33072,20545,4932786,3482637,88510,934517,187448,7810553,136009,115719,99811,7659759,7279043,12918371,81298"
"Eksports,""NA Namībija"",24232,4310,0,10186,5860,21968,32149,5196,6479,1414878,22725,29880,3635,84986,217558,15574,33941"
"Eksports,""NC Jaunkaledonija"",0,266,2563,10329,15000,5901,13575,11071,14774,25333,43014,40278,86470,143472,114071,385801,245938"
"Eksports,""NE Nigēra"",0,116294,100,0,127479,1111,37422,105457,19853,138410,1246113,278577,149706,12540,8974350,9000,3472"
"Eksports,""NG Nigērija"",5986247,1997126,821545,1481487,6087435,6642271,4003256,4216017,2246911,1173672,2395652,4123386,43827097,19549931,65677344,171967583,174479470"
"Eksports,""NI Nikaragva"",10045,0,0,31318,168,21307,8523,571742,20330,51472,225205,245161,175647,243163,181931,162516,263272"
"Eksports,""NL Nīderlande"",87178201,110078572,121614892,147854451,131786098,150606903,194779186,268967224,221880923,215213455,259504817,294693020,306320644,286102113,348541905,405923821,377709477"
"Eksports,""NO Norvēģija"",81268203,110950554,144395432,162180321,134789716,186560224,203299654,259941181,265785232,244651714,232967594,239782538,259176958,277252350,292810289,261617752,230539294"
"Eksports,""NP Nepāla"",2203,449,10548,14440,53611,104592,79209,188289,189007,132726,162804,163084,163145,282927,332062,377363,339448"
"Eksports,""NR Nauru"",0,0,0,0,0,0,0,0,0,0,0,0,0,0,0,0,0"
"Eksports,""NU Niue"",0,0,0,0,0,0,0,0,0,0,0,75,0,0,0,0,0"
"Eksports,""NZ Jaunzēlande"",853165,1288868,1745029,2372802,1515028,3058739,2080865,1692168,2351314,2495516,2938813,3838826,6256476,5817119,7314189,8319974,8232666"
"Eksports,""OM Omāna"",161210,228082,174141,3574432,140511,409645,289517,4711634,985346,811925,965989,2160198,1611321,1365257,3644218,1427880,721533"
"Eksports,""PA Panama"",5376620,2312465,4937525,4093580,7727304,4298685,1696835,2317999,3666540,2513779,1471461,1090621,1095458,1417729,1425652,1060346,1432390"
"Eksports,""PE Peru"",8263869,577944,11220882,100383851,9663894,1156260,1192283,14637446,1644151,1745634,3623461,2892013,5314212,4076963,5135810,10271611,5655923"
"Eksports,""PF Franču Polinēzija"",0,0,6547,9372,320,1241,92,2496,7415,36535,53801,45601,54782,56520,65911,67688,63298"
"Eksports,""PG Papua-Jaungvineja"",0,0,71,0,0,0,22301,45116,66843,0,223915,58301,14183,62482,19121,14230,90557"
"Eksports,""PH Filipīnas"",122375,70449,16334,583856,8654,103215,74074,95147,232633,389643,1051917,4270893,2889528,1872427,1878749,916508,957865"
"Eksports,""PY Paragvaja"",325149,100012,47369,30371,255850,422458,3528034,4711869,5936147,11336951,15484892,15249620,24648836,18820651,11026168,11123285,8793474"
"Eksports,""PK Pakistāna"",740115,2098641,1831278,1723685,1611568,4256580,2767012,3592990,3948275,17256328,16151554,11452207,15729036,17964319,11520754,17203928,4803580"
"Eksports,""PL Polija"",214484968,113363119,207759222,235517607,196810085,330688993,500659937,593507195,672718703,664050908,615938965,528093871,517656927,499831516,470034016,485589867,486424638"
"Eksports,""PM Senpjēra un Mikelona"",0,0,0,0,0,0,0,0,0,0,0,0,100,0,0,0,0"
"Eksports,""PR Puertoriko"",0,0,0,0,0,0,0,0,0,0,0,0,0,0,0,0,0"
"Eksports,""PS Okupētā Palestīnas teritorija"",0,0,0,0,4741,25141,49378,3147,13887,5590,12421,26391,81891,164411,45258,354990,333297"
"Eksports,""PT Portugāle"",25852886,9162710,6148159,2780120,4665224,3949074,4214757,5557275,11545597,14482648,14948816,18503243,21983186,20121283,25918417,28465738,33280370"
"Eksports,""PW Palau"",0,0,0,0,0,0,0,0,36060,4717,0,0,72786,25634,24548,12615,5112"
"Eksports,""QA Katara"",71511,91266,101417,365291,158324,367834,515989,458367,762538,4994116,931458,999251,1820099,2517746,2944776,3429137,3557885"
"Eksports,""QQ Kuģu un lidmašīnu apgāde"",1997032,0,0,0,0,0,0,0,0,0,0,0,0,0,0,0,0"
"Eksports,""QS Krājumi un rezerves tirdzn. ar trešajām valstīm"",0,16219016,19235961,40409688,14736618,5665983,23009471,36178385,44317549,22121512,10573850,13350650,15371163,15560557,14945033,10831277,8459073"
"Eksports,""QU Nezināma valsts"",11306416,0,0,0,0,0,0,0,0,0,0,0,0,0,0,0,0"
"Eksports,""QW Bez sadalījuma pa valstīm (tirdzn. ar trešajām valstīm)"",424687,2971684,7238648,7931575,3250735,1148270,3407358,2769813,1607413,0,7120069,8336237,8460541,9061438,3533492,0,0"
"Eksports,""QZ Nav norādīts komerciālu vai militāru iemeslu dēļ (tirdzn. ar trešajām valstīm)"",0,0,0,0,0,0,0,0,0,0,0,0,0,0,0,0,0"
"Eksports,""RO Rumānija"",4340032,2985468,9700318,22313051,15759933,21525049,24828763,22742063,17105139,22381251,28784339,18477481,21888930,27698820,33006074,40092231,33732449"
"Eksports,""RU Krievijas Federācija (Krievija)"",324891760,415368698,549485985,629152223,450169990,707363067,901494698,1125814893,1163113039,1097576963,836813338,793644199,1049355062,1135432235,1184727400,1131819254,847330750"
"Eksports,""RW Ruanda"",0,626171,0,0,0,0,0,0,1317831,50430,432122,667472,886562,1520421,693222,98445,96756"
"Eksports,""SA Saūda Arābija"",910615,1569646,4166249,11569460,24631174,23970751,21984836,3024252,50553875,3411866,83370094,61966713,75618253,119161043,108192264,87540930,38355904"
"Eksports,""SB Zālamana salas"",0,0,0,0,0,0,0,0,0,0,0,0,0,0,87660,40165,0"
"Eksports,""SC Seišelas"",43764,87896,493608,6512,37777,86430,175314,92890,374793,113307,551525,343931,266708,143832,157582,91170,14077"
"Eksports,""SD Sudāna"",0,449977,485659,38295,3108,114566,203866,138097,70355,78434,37529,101438,11184323,132758,11673996,289619,48972"
"Eksports,""SE Zviedrija"",320159879,302973094,445330387,417418128,312298089,420506037,541387279,511298870,503133388,550568377,538549984,621878245,705498985,911320820,854340931,758939932,656842020"
"Eksports,""SG Singapūra"",3239167,4019702,2930135,3262371,5867196,13497660,6380579,9787579,9842753,11085707,20401372,19295912,16836159,9833761,12744889,16159190,10130369"
"Eksports,""SH Sv. Helēnas Sala, Debesbraukšanas un Tristana da Kuņas salas"",0,1476,0,0,0,0,0,0,57749,0,94557,19537,0,0,26004,0,0"
"Eksports,""SI Slovēnija"",2562075,3257402,4018609,4126425,3909505,4214805,4050123,7195451,7548772,9499976,8692977,9881719,11533346,17953311,20805583,20028560,15581243"
"Eksports,""SY Sīrijas Arābu Republika (Sīrija)"",0,11181,39141,1605599,1903641,1147429,1069405,975592,204329,472882,579132,324601,472846,494731,168671,95672,22304"
"Eksports,""SK Slovākija"",7312691,12157593,20688481,30873138,18820656,19242124,27745571,51837174,53118596,68222424,59457227,48843884,51328801,63127255,58883962,67065339,46989350"
"Eksports,""SL Sjerraleone"",802,0,14109,5067,849,301806,83196,56181,36982,281193,922377,673182,1752373,2687731,4985611,2433361,908796"
"Eksports,""SM Sanmarīno"",0,0,4576,13800,717,57700,2177,1827,690,3616,2279,21787,9757,25546,5785,20625,418763"
"Eksports,""SN Senegāla"",9502,11181,17157,990609,2920,1244700,711,1627098,12536,534583,754806,3181408,805132,1388107,2446400,1156459,1208105"
"Eksports,""SO Somālija"",0,0,2988,6235,86455,148127,463140,1628,0,33544,101687,44740,264147,258738,96908,5169,27619"
"Eksports,""SR Surinama"",29462,18369,17069,14936,12820,23787,26964,93860,181973,16220,17072,24860,40585,47812,163154,32007,21807"
"Eksports,""SS Dienvidsudāna"",0,0,0,0,0,0,0,0,36539,31480,115362,18669,23038,2606,20306,35716,18916"
"Eksports,""ST Santome un Prinsipi"",0,0,0,0,0,0,0,100567,0,0,243,28,0,1166,2652,0,0"
"Eksports,""SV Salvadora"",10431,73912,74729,108810,94948,35706,73223,123373,45881,100119,149932,116979,343611,319089,278195,346380,368202"
"Eksports,""SX Senmartēna"",0,0,0,0,0,0,0,0,24444,112498,88597,84790,162706,80883,63944,39879,29407"
"Eksports,""SZ Svatini (bijusī Svazilenda)"",0,0,0,0,0,0,0,10,0,0,0,0,0,0,0,11803,0"
"Eksports,""TC Tērksas un Kaikosas salas"",0,0,0,0,0,0,0,73,67,0,0,0,0,0,0,0,28"
"Eksports,""TD Čada"",0,0,0,68383,0,0,6619458,0,16204,44046,84834,8441953,51555,3935090,220055,5707940,206211"
"Eksports,""TF Francijas Dienvidjūru teritorijas"",0,0,0,0,17391,1222,76676,64878,133584,428646,197705,9728,13970,1416,0,0,0"
"Eksports,""TG Togo"",36709,4126,362841,54525,14721,16780,106811,745103,2001458,4093264,9714509,609817,766824,453700,522923,366067,399732"
"Eksports,""TH Taizeme"",929934,498421,896261,4094930,25476877,5694230,15008302,9887642,7799442,9089975,13630689,11387399,10101044,12565784,13807827,12478893,9853396"
"Eksports,""TJ Tadžikistāna"",1132629,1139284,1838125,1948715,1301931,3357688,8577290,8290556,5949017,10478687,5378685,5482894,6118976,5976217,7619921,5993085,5313243"
"Eksports,""TK Tokelau"",0,0,0,50,0,0,0,0,0,0,0,0,0,0,0,0,0"
"Eksports,""TL Austrumtimora"",0,0,0,0,0,0,0,0,0,955,0,0,15933,0,2838,0,0"
"Eksports,""TM Turkmenistāna"",890919,508061,572780,3230677,3046570,3742523,5010669,6336195,7599139,9246714,20177396,19060444,8845522,6518318,3414640,2801301,1942988"
"Eksports,""TN Tunisija"",2237221,4706534,5737355,7938523,1256072,3150903,2068592,15711425,3611376,5291188,3208478,3907410,2497159,1859786,1824915,3261536,7042279"
"Eksports,""TO Tonga"",0,0,0,0,0,0,0,0,0,0,0,0,0,0,0,0,0"
"Eksports,""TR Turcija"",3305959,12071544,3264799,7486601,15830158,47046635,106956248,144113831,130484288,138151138,177370591,156930159,183827681,132744194,160034756,152104326,154122386"
"Eksports,""TT Trinidāda un Tobāgo"",113751,31869,12346,201,19099,0,20263,54270,28962,34784,33635,55494,52845,295573,371908,619955,407181"
"Eksports,""TV Tuvalu"",0,0,0,2028,0,0,0,0,0,0,0,0,0,0,0,0,0"
"Eksports,""TW Taivāna"",1569756,1513960,4094464,2546675,2682347,9171506,10374956,5434183,3901871,2808649,4707526,4962939,5220619,7801284,7271336,8872779,6367856"
"Eksports,""TZ Tanzānija"",595605,423359,44220,92792,110776,7794843,538341,1692218,6059622,2101117,1301161,340454,314833,625742,7254836,478490,310051"
"Eksports,""UA Ukraina"",56633392,82037146,85137436,91739265,53628506,75116363,75278570,97689854,91734811,76543388,70876190,89413312,115788783,135573594,152302052,219167276,155337654"
"Eksports,""UG Uganda"",0,55275,212415,12142,125297,0,179554,80429,3196542,2388050,1844583,5894540,264755,243386,490328,1863633,607395"
"Eksports,""UY Urugvaja"",21454,37758,220960,498259,336997,348691,370399,468633,1243944,361089,548265,931813,792158,570789,424160,727841,979626"
"Eksports,""UM ASV Mazās aizjūras salas"",0,0,0,0,0,0,0,0,0,0,58014,0,978,274,1893,2243,0"
"Eksports,""US Amerikas Savienotās Valstis"",111858513,87893955,78922040,93055562,83357369,93445663,101718255,109532923,118134111,117254080,153313690,159461114,312335179,513954172,208413533,247012466,281613920"
"Eksports,""UZ Uzbekistāna"",7270097,8145626,9272510,18244501,19687076,12125903,11822269,18757570,39189495,48948626,56723441,85785710,81965512,70622976,56394380,51873136,37181309"
"Eksports,""VA Vatikāns"",0,0,0,0,0,0,0,0,0,0,0,0,0,0,0,0,0"
"Eksports,""VC Sentvinsenta un Grenadīnas"",1307875,2149243,602084,943876,378218,277758,238918,96842,112553,131172,178989,177249,54234,3760,37188,2072,0"
"Eksports,""VE Venecuēlas Bolivāra Republika (Venecuēla)"",173602,73827,255487,300526,293084,231929,242979,317370,27426,95472,19661,93319,237001,66963,135656,29532,174270"
"Eksports,""VG Britu Virdžīnas"",621627,285289,249132,2781720,2113213,2818733,888075,102686,33145,106388,933415,468993,299598,254845,188390,217326,92599"
"Eksports,""VI ASV Virdžīnu salas"",177634,62095,51911,62998,77016,89709,86830,13596,90087,59170,119257,311390,132743,126178,139326,86675,104362"
"Eksports,""VN Vjetnama"",301064,2478828,7313339,5603847,4682891,23513712,8272969,2457563,2001823,2483207,3139799,4052864,7440655,8721709,9092323,12097896,10770861"
"Eksports,""VU Vanuatu"",0,38178,0,12869,136165,22190,13832,3961,209328,34590,21531,75557,4552,19890,3128,12573,11747"
"Eksports,""WS Samoa"",0,0,0,0,0,0,0,0,0,0,0,0,0,149,0,33440,0"
"Eksports,""XC Seūta"",0,0,0,0,0,0,0,28738,0,0,0,0,15,0,0,0,0"
"Eksports,""XK Kosova"",64388,20862,32187,95985,479809,471152,171587,175198,253913,172779,445860,455027,565857,548639,626680,933015,862111"
"Eksports,""XL Meliļa"",0,0,0,0,0,0,4169,169892,0,40,0,0,0,0,0,0,0"
"Eksports,""XM Melnkalne"",115,1318,0,0,0,0,0,0,0,0,0,0,0,0,0,0,0"
"Eksports,""XS Serbija"",230834,816815,996416,1626997,1319002,2043733,2716425,2936292,4175784,3594709,4446030,5867718,6383831,6861296,8929879,11170612,8085827"
"Eksports,""ZA Dienvidāfrika"",1027300,1364379,1869016,2796820,2114537,3090301,3796732,4397517,7241293,20532886,9876810,10366262,29660605,42213705,39408022,45244618,63688690"
"Eksports,""ZM Zambija"",44003,121966,63489,130993,101128,86200,37984,1689,1483657,7619,40545,48019,154151,131644,110942,362346,48820"
"Eksports,""ZW Zimbabve"",0,0,23185,15639,25646,11591,10263,11702,2612,8152,23406,33229,237878,59060,512756,91680,147767"
"Eksports,""QY Nav norādīts komerciālu vai militāru iemeslu dēļ (tirdzn. ES ietvaros)"",0,0,0,0,0,0,0,0,0,0,0,0,0,0,0,0,0"
"Eksports,""QR Kuģu un lidmašīnu apgāde ES"",2643022,1576940,6418304,17588999,11853543,16379887,53086792,67059357,63096713,36652176,22626951,21728585,33606530,42902540,36773779,13630679,13534188"
"Eksports,""QV Bez sadalījuma pa valstīm (tirdzn. ES ietvaros)"",0,0,0,0,0,0,0,0,0,0,0,0,0,0,0,0,0"
"Imports,""TOTAL PAVISAM"",6925131093,9075762897,11070268154,10710928544,6701406573,8411838221,10983288391,12512279641,12635138880,12909015033,12710128172,12416571142,14176718116,15792858749,15913551884,15159470115,14211682963"
"Imports,""AD Andora"",134538,31696,26167,9191,0,83863,0,481,1531,379,526,5738,1000,0,207056,281955,393"
"Imports,""AE Apvienotie Arābu Emirāti"",3880707,3054348,1866033,1836018,1013353,1556067,2034900,2612418,3339869,9393830,5861199,4852986,5237709,7911732,8127625,11826156,12847675"
"Imports,""AF Afganistāna"",0,0,0,0,1008,22800,37170,425306,4759359,1899595,184813,24474,140,868959,100,121700,268684"
"Imports,""AG Antigva un Barbuda"",0,599,0,0,0,0,0,0,0,0,0,197,12743,8807,15204,15297,0"
"Imports,""AI Angilja"",0,0,0,0,0,0,0,0,359,13,0,947,161,0,1918,5766,1248"
"Imports,""AL Albānija"",0,0,0,973,3025,14262,3614,176591,14001,42873,156771,167321,536041,324870,519735,681401,953497"
"Imports,""AM Armēnija"",551229,1021169,842559,690424,636870,919853,751245,875116,927407,1881531,1740356,1302930,1933408,2284837,2725129,2837442,1928558"
"Imports,""AN Nīderlandes Antiļas"",0,0,0,0,0,2103,3959,0,0,0,0,0,0,0,0,0,0"
"Imports,""AO Angola"",0,0,1409,0,0,0,0,0,0,0,0,0,0,0,0,0,184"
"Imports,""AR Argentīna"",2517683,3049098,3008086,3257995,2973577,2437547,5217238,5155201,15453409,9758720,7651537,7058823,7843777,8424673,5692652,5081626,1940964"
"Imports,""AS ASV Samoa"",0,0,0,0,0,144,0,0,0,3552,713,2485,0,0,1784,10979,1834"
"Imports,""AT Austrija"",112124196,139975365,164097625,182512108,73624401,97203332,118277927,143595711,159361845,166317400,151373139,123104415,129532839,162913123,150573970,159157625,132825894"
"Imports,""AU Austrālija"",2283157,2958714,3277176,1856350,975404,1048303,1406551,989875,1278898,926531,952770,1117686,1487402,1830079,1604781,5774224,11559711"
"Imports,""AW Aruba"",0,0,0,0,0,0,0,0,0,48,0,0,0,0,0,0,0"
"Imports,""AZ Azerbaidžāna"",1977483,1537798,1442848,1735386,1421317,2414200,3325408,2037893,1218723,946083,689387,1146761,1182685,271820,648249,359003,483624"
"Imports,""BA Bosnija un Hercegovina"",56534,740702,478,88,0,43017,122641,337392,258474,276387,231223,377912,536026,730921,643831,696067,636271"
"Imports,""BB Barbadosa"",0,2075,171,0,0,0,0,68,0,0,0,0,0,0,2161,100,4733"
"Imports,""BD Bangladeša"",76641,216064,234184,173861,435802,227772,860320,1348796,2412850,957200,2285250,1493503,1526182,752045,1289318,1049053,2353425"
"Imports,""BE Beļģija"",112999814,154664699,212337265,186334539,102904061,145413269,205996120,215160588,200800903,180360073,206776091,224665464,242404407,257540758,282752740,258779873,284626716"
"Imports,""BF Burkinafaso"",0,0,0,0,0,0,0,0,0,0,53872,376927,166516,303875,435448,321111,287716"
"Imports,""BG Bulgārija"",5883367,8322883,12873252,12072968,10820859,14689306,18324788,25243893,24855201,22651114,23356057,29494850,32254918,39324767,33614610,52649853,31345928"
"Imports,""BH Bahreina"",0,482,0,0,2423,67648,13417,20451,21830,23021,45330,9170,13683,17746,17276,5671,54405"
"Imports,""BI Burundi"",0,0,0,0,0,295,0,0,0,47305,0,0,0,0,0,0,0"
"Imports,""BY Baltkrievija"",400586877,423657022,365223786,355731163,232288974,288034659,485628645,447250705,310333098,318698717,299780066,191867477,240643265,313210962,320385334,298516621,370981066"
"Imports,""BJ Benina"",0,137,0,0,0,6952,0,0,0,0,0,100,0,0,0,42,0"
"Imports,""BL Senbartelmī"",0,0,0,0,0,0,0,0,0,0,0,0,0,0,0,0,0"
"Imports,""BM Bermudu salas"",145,0,0,0,67968,0,750,0,27843,46,0,17136834,0,0,0,0,112"
"Imports,""BN Bruneja Darusalama (Bruneja)"",58324,0,0,0,0,886,0,300,0,50,248,0,5,0,0,827,0"
"Imports,""BO Bolīvijas Daudznāciju Valsts (Bolīvija)"",43976,49621,279960,125871,47441,103661,90403,122671,54184,146124,161,134354,8980,3385,177175,102895,1211"
"Imports,""BQ Bonaire, Sintēstatiusa un Saba"",0,0,0,0,0,0,0,0,0,0,0,0,0,0,0,0,0"
"Imports,""BR Brazīlija"",6587262,9147626,8161244,7106600,2319661,2110231,10658845,2133417,2141961,3554102,3727596,2712989,7859288,6710466,11644278,8778724,12141262"
"Imports,""BS Bahamu Salas"",0,2503,0,186,0,99999,0,0,245,0,40,0,0,0,0,43186,0"
"Imports,""BT Butāna"",0,0,0,0,0,0,0,0,0,0,0,0,0,0,0,0,0"
"Imports,""BW Botsvāna"",0,0,0,0,0,1753,0,539,0,23000,0,0,1301,0,380,0,0"
"Imports,""BZ Beliza"",1459195,95684,2617,0,0,507,170605,2796,524,10455,0,58096,37254,0,0,0,78"
"Imports,""CA Kanāda"",15071682,15445427,18314808,17662650,6953361,54952325,5979872,8907703,10472119,12748180,17302238,51821271,333369431,737075975,598216507,261241224,506001416"
"Imports,""CD Kongo Demokrātiskā Republika (bijusī Zaira)"",0,237365,438650,120877,0,0,0,0,27084,532,0,0,0,0,134,0,0"
"Imports,""CF Centrālāfrikas Republika"",0,252029,99511,0,181,0,0,0,0,0,0,0,0,0,0,145,0"
"Imports,""CG Kongo"",505237,369339,110125,49116,0,12999,158,84,421,26,0,0,297,81,0,427,0"
"Imports,""CH Šveice"",72458650,98954551,115101102,120045777,120898847,122302026,138918182,87726970,84265682,92414327,105607320,127189902,101120928,96466901,85976800,87317038,69720212"
"Imports,""CI Kotdivuāra"",0,0,0,8612,109009,154580,0,113285,0,0,1153,238363,240942,425726,673578,491223,137061"
"Imports,""CY Kipra"",6716616,15959576,34551275,41310001,16354633,16403919,26387882,36333070,15498152,16823832,12188571,9305562,9095224,7407951,7397691,11874837,9690980"
"Imports,""CK Kuka salas"",0,0,0,0,0,0,0,413,0,0,0,0,0,0,0,77,0"
"Imports,""CL Čīle"",1808871,2538348,3284002,3981853,2332254,2676378,3034246,4179957,4079873,3500052,3872926,3312281,3053250,3906500,3807125,3887429,2326159"
"Imports,""CM Kamerūna"",0,0,0,7080,14582,529,3474,579,49281,0,0,0,1287,0,0,114,293"
"Imports,""CN Ķīna"",104387785,151217208,255028358,248552549,141532832,216111545,294369370,348238645,335537449,352799982,415472693,402035560,439891497,490262448,509953712,634802376,618771490"
"Imports,""CO Kolumbija"",422482,1248779,1890925,1125439,64453,49199,144788,138676,172413,104600,71944,213400,265374,516147,909803,1360912,110414"
"Imports,""CR Kostarika"",41077,42502,2492,60759,20528,14331,89598,155756,396739,119551,53816,44351,47892,65687,41551,109963,178186"
"Imports,""CS Čehoslovākija"",527906,0,0,0,0,0,0,0,0,0,0,0,0,0,0,0,0"
"Imports,""CU Kuba"",191130,81039,147408,8211,3836,0,2711605,0,0,0,0,114606,19,0,28559,16700,27590"
"Imports,""CV Kaboverde"",0,0,7343,2466,0,0,0,0,0,0,0,0,0,0,0,0,0"
"Imports,""CW Kirasao"",0,0,0,0,0,0,0,0,0,0,0,227,310,819,1217058,0,7888"
"Imports,""CZ Čehija"",97301150,159432747,209996955,160927550,98308338,123108849,161989130,184420921,174541469,186613730,204231346,243445109,228663384,210437484,241804756,247719323,228254371"
"Imports,""DE Vācija"",966146181,1406513427,1733086643,1396766660,772779629,967699510,1331079649,1444699425,1463417443,1441990132,1404393653,1459256649,1585121661,1657468614,1739615371,1581857468,1485437304"
"Imports,""DJ Džibutija"",0,0,0,0,0,0,0,1148,1760,3498,0,0,0,0,0,0,0"
"Imports,""DK Dānija"",201151043,246595863,295539653,310240682,180170390,192719130,245318347,282426018,277410218,282755544,269217019,263964778,310487088,313655376,317812625,335322448,294187024"
"Imports,""DM Dominika"",4318,0,0,249,0,0,4721,0,15417,4791,0,45,0,10726,2622,1085,0"
"Imports,""DO Dominikānas Republika"",26750,69508,52159,27208,17718,13390,24987,36827,88088,129689,161927,54125,118336,101853,73994,256983,1337546"
"Imports,""DZ Alžīrija"",0,0,0,0,0,0,106416,18379,0,220,0,0,1588,3486,27593,555,961"
"Imports,""EC Ekvadora"",1805709,776287,935224,661965,153578,207626,266080,130474,57374,31151,4511,45049,113436,591812,317104,398596,631673"
"Imports,""EE Igaunija"",545403946,703024014,896329790,762168391,534555548,601706211,818012771,969326352,1031533072,1161546826,1090178458,1068960272,1161307590,1354329506,1346031024,1293504066,1258366437"
"Imports,""EG Ēģipte"",977866,5289799,5452808,5445458,4229528,4234844,4052181,4881247,3738336,3055423,3345272,1896323,2453860,3429997,3570067,4985423,4713879"
"Imports,""ER Eritreja"",0,0,0,0,0,0,0,0,0,0,0,0,0,0,0,0,0"
"Imports,""ES Spānija"",84844812,85167394,153871578,114864931,90807523,99576797,120055971,177885931,149899667,173544437,161100176,173934111,214606982,209956491,238085693,211059378,173694707"
"Imports,""ET Etiopija"",6929,36,10424,16842,0,0,0,2123,37695,107,0,22,63913,81698,52232,78949,140438"
"Imports,""FI Somija"",405376266,516570161,565312038,470755675,239911847,412629193,505964465,569039539,585527376,759841891,658707645,551634705,606342980,673498138,675345691,588419348,519979106"
"Imports,""FJ Fidži"",0,0,0,313,0,7828,0,192,229,0,0,0,0,0,0,0,0"
"Imports,""FK Folklenda Salas"",0,33062,29472,9501,12529,3789,0,276,0,732,0,2786,1505,4211,0,1925,0"
"Imports,""FO Fēru Salas (DK)"",18497,107665,70330,347777,24820,43821,97446,3468,66951,125567,78602,306994,2605020,4728442,3786295,4755084,3309862"
"Imports,""FR Francija"",142662402,222489090,255778901,248207952,171759741,203671318,260149750,230136090,250892137,256689366,250642093,244694157,267203087,277162851,294026001,271042420,225826486"
"Imports,""GA Gabona"",0,156762,71879,0,0,5884,2739,3455,4500,0,0,0,0,0,0,0,0"
"Imports,""GB Apvienotā Karaliste"",126090140,177278944,180505662,153535596,91708285,133337152,192915276,200740713,202509826,249017640,230417515,236653483,315746698,358487744,348493136,374969111,121835600"
"Imports,""GD Grenāda"",0,0,0,0,0,0,0,0,0,0,0,0,0,0,0,0,0"
"Imports,""GE Gruzija"",799995,2305201,3220725,3315751,2469826,3481493,3955750,3725638,4791672,4942925,5634564,4258956,5886362,5945340,6498835,6828099,5495943"
"Imports,""GH Gana"",388748,2161594,2427367,2702654,2530488,2951623,3413886,2840273,4531555,5269938,4425266,1052881,1961965,1315407,677373,482626,214416"
"Imports,""GI Gibraltārs"",439,0,462,0,5101,17259,344,0,0,325,7021,43,0,9112,713,1743,1361"
"Imports,""GY Gajāna"",0,0,0,0,0,0,3537,0,0,0,0,0,2,2171,0,510182,520"
"Imports,""GL Grenlande"",0,0,0,510,0,0,0,0,0,28933,70672,577715,0,304779,0,250,0"
"Imports,""GM Gambija"",0,5063,0,0,0,0,18593,113548,18531,0,0,0,0,0,0,0,0"
"Imports,""GN Gvineja"",0,0,262136,0,0,0,0,6900,0,0,0,48675,277446,5100,0,0,0"
"Imports,""GQ Ekvatoriālā Gvineja"",0,0,0,0,0,0,0,0,0,27762,0,0,0,0,0,0,0"
"Imports,""GR Grieķija"",6734216,9017683,11952794,9611161,5101496,7393371,8363229,7916231,9733746,9894271,10850274,9146582,13698589,19837634,18529169,26358934,22832528"
"Imports,""GS Dienviddžordžija un Dienvidsendviču salas"",0,0,0,0,0,0,0,0,0,0,0,0,0,0,0,0,0"
"Imports,""GT Gvatemala"",3303,121,36,3721,9502,245,11,1681,12352,132,155,587,926,4906,12895,3031,119532"
"Imports,""GU Guama"",0,0,0,21,0,0,0,0,0,0,0,0,0,0,0,0,0"
"Imports,""GW Gvineja-Bisava"",0,0,0,0,0,0,0,0,0,0,0,0,0,0,0,0,0"
"Imports,""HK Honkonga"",8364889,13124083,15784904,17545215,9258050,14313356,11653071,15215696,28497001,23467568,20287892,14756483,15822537,13324128,12444048,21394051,13272427"
"Imports,""HN Hondurasa"",40,129,157,1512,5235,1864,2085,4437,796,1135,3180,4781,3025,23736,17576,37489,128410"
"Imports,""HR Horvātija"",5084396,4917585,8808036,8289907,6443730,4920161,5036027,5003010,4402653,8163949,9028305,10101640,8550337,10054638,11267353,11450203,20336816"
"Imports,""HT Haiti"",0,121,0,821,1178,1164,58,38,0,23282,0,40,0,4091,2861,2079,876"
"Imports,""HU Ungārija"",79927581,90751429,119164193,124079370,91170601,111524982,115542923,121314386,129339456,133818443,122055572,119158626,158248708,160227256,162220654,188199160,144460165"
"Imports,""ID Indonēzija"",2016568,3614451,6258880,7122358,3176354,3691526,5095281,7285324,5603028,5529081,5136721,3305955,3616447,3559218,5702555,5703879,5999087"
"Imports,""IE Īrija"",18591097,23302362,21963203,24842296,16429673,20669491,26042257,29524407,26621268,35352837,142710326,47295843,109973535,83907992,95452175,71169345,46833071"
"Imports,""IL Izraēla"",11672004,14041222,12772250,10876072,7794301,9959803,12619447,12260679,8978599,9352100,10357312,9651785,12949766,12019593,14290002,9656337,11725152"
"Imports,""IN Indija"",14736958,22207574,21953321,21229766,14701738,22801056,22427071,34532542,33995019,30267678,32352623,42184977,69134942,71152960,58273554,52048933,49860046"
"Imports,""IO Britu Indijas okeāna teritorija"",0,0,0,0,0,0,0,0,0,0,0,0,0,0,0,110,0"
"Imports,""IQ Irāka"",3738,944,0,191,0,0,0,0,957,470,3260,8355,1028,0,775,1576,3434"
"Imports,""IR Irānas Islāma Republika"",572894,566364,524813,670311,287523,928949,579585,420826,384843,252166,307525,137293,357133,222328,1321151,581667,587324"
"Imports,""IS Islande"",2558343,2263864,2178073,1670639,1951732,2975638,2983032,3606183,2945309,3348728,3788269,4841996,4895898,9961077,8854858,16107759,13057188"
"Imports,""IT Itālija"",232677227,308510855,406816716,359788268,228651482,279907023,353515909,434503496,434154161,457412963,397151041,385636059,450225053,450677715,523636635,523561328,439423612"
"Imports,""YE Jemena"",134,0,0,0,0,0,0,0,0,0,2,0,3805,0,0,0,0"
"Imports,""YT Majota"",0,0,0,0,0,0,0,0,0,0,0,0,0,0,0,0,0"
"Imports,""YU Serbija un Melnkalne"",0,0,0,0,0,0,0,0,0,0,0,0,0,0,0,0,0"
"Imports,""JM Jamaika"",0,0,0,0,0,0,0,0,0,0,0,0,0,8604,352,7471,31411"
"Imports,""JO Jordānija"",37917,77038,30140,62885,200982,28171,36348,34926,25433,35717,139081,84492,25037,22203,158089,33724,434358"
"Imports,""JP Japāna"",17614373,25464590,40177872,27368565,8666350,7463579,16975266,14049916,12043619,13418283,20404731,18974269,22282088,25667691,27999132,21737808,17886340"
"Imports,""KE Kenija"",0,130863,84287,153092,21364,848,17214,21515,44588,36559,13781,86805,110734,117830,53629,110244,59929"
"Imports,""KG Kirgizstāna"",182228,357432,631808,527462,101973,40439,102780,186604,294372,1266634,3039729,4895781,2284247,2680363,1146714,1605325,608852"
"Imports,""KH Kambodža"",18289,1599,63371,97543,80969,272444,1798677,446829,4057123,951330,1344170,1696453,1510511,668236,66950,190772,110953"
"Imports,""KI Kiribati"",0,0,0,0,0,0,0,0,0,0,0,0,0,0,0,0,0"
"Imports,""KY Kaimanu salas"",0,0,0,0,0,0,0,0,0,0,0,0,0,0,171,2526,561"
"Imports,""KM Komoru Salas"",0,0,0,0,0,0,0,0,0,0,39375,47580,22704,171600,173500,54200,0"
"Imports,""KN Sentkitsa un Nevisa"",0,0,0,0,0,0,0,0,0,0,0,0,0,0,0,0,0"
"Imports,""KP Ziemeļkoreja"",0,0,0,0,0,4327,124,0,0,344,0,0,0,0,0,0,0"
"Imports,""KR Dienvidkoreja"",32187743,44737379,53541182,49377310,26161211,24242237,46169214,34454456,41866280,46494469,42869875,23265863,25712389,20303350,25352867,26648918,29725762"
"Imports,""KW Kuveita"",0,723,373,73611,0,0,57544,41797,3562584,892996,313256,679534,2323229,4727015,4836440,1064889,616676"
"Imports,""KZ Kazahstāna"",16477560,39149516,39064475,86802124,22298891,40792030,28782284,65013060,38826833,32102794,10867486,6069291,7397666,9327735,10986122,2241191,5705425"
"Imports,""LA Laosas Tautas Demokrātiskā Republika (Laosa)"",111969,18700,61584,13399,9743,3271,5496,2639,878,38714,0,130332,32354,964,668,958,3829"
"Imports,""LB Libāna"",48801,174461,99342,138102,175867,15513,285226,25255,92052,45960,1183003,186344,248451,285276,280020,418140,100996"
"Imports,""LC Sentlūsija"",0,0,0,0,0,0,0,0,0,0,0,0,0,0,0,0,0"
"Imports,""LI Lihtenšteina"",85548,233185,1910840,109146,37214,36724,9031,6292,1431,1680,9130,33925,50249,11514,37465,12390,18777"
"Imports,""LY Lībija"",386,0,0,0,0,5367,0,0,0,0,0,0,112,0,0,0,0"
"Imports,""LK Šrilanka"",910672,1161154,1057181,1228603,2135246,3812380,5784638,5789679,6587509,6062303,5829254,5027804,5836890,5988469,6464397,5771329,4638949"
"Imports,""LR Libērija"",205,100,7275,3961,464,1966,613,0,283,0,0,0,0,0,0,70,0"
"Imports,""LS Lesoto"",0,0,0,0,0,0,10,0,0,0,0,0,0,0,0,0,0"
"Imports,""LT Lietuva"",946888590,1177732112,1537503667,1766406529,1139568251,1434225817,2062553563,2481952898,2571739193,2228298579,2172192688,2183425584,2626824974,2747529937,2810543238,2716957087,2413058184"
"Imports,""LU Luksemburga"",5052294,17128464,17935720,14577655,9703289,11745706,10144519,10929202,19501139,11775750,13343455,24349894,14730685,16237853,7731863,6541414,6079550"
"Imports,""MA Maroka"",407796,2765409,2842687,3663653,4425330,5395388,6191330,4559226,5854678,4015960,1764576,2719307,2865917,3335087,1125333,1230708,625690"
"Imports,""MD Moldova"",3164035,3520035,4215899,3465705,1679159,2496579,2873065,4507452,5656483,8855797,8377427,4936545,6260079,6047543,7454021,6973617,5370313"
"Imports,""ME Melnkalne"",0,0,0,269,0,0,2583,1494,0,9844,23294,2589,184287,49351,62952,618,1354"
"Imports,""MG Madagaskara"",31760,29043,43777,11513,97,68,136,180,21667,27235,89919,22925,36631,311042,65860,101071,191728"
"Imports,""MH Māršala salas"",632,881,0,10047,0,489,0,0,7537,74330,15353,31923,3066,0,23212,0,0"
"Imports,""MY Malaizija"",2317461,4155566,11042510,6681430,6010051,7200266,8812552,7898776,6291515,5863348,8801278,9806697,15767704,10978777,8714967,10816503,13658926"
"Imports,""MK Ziemeļmaķedonija"",273506,283474,644090,742196,430847,1445316,1729238,2038946,1799930,1571111,1751466,1670247,2088435,3128879,3283425,3252964,2015046"
"Imports,""ML Mali"",0,2234,0,0,0,0,670,0,0,0,58,0,1144,272144,18239,24887,10105"
"Imports,""MM Mjanma"",2955,25327,0,31084,134842,0,89107,52651,0,140112,290456,65146,141238,484606,627166,506798,275877"
"Imports,""MN Mongolija"",138,3245,72904,0,0,1267,104248,39815,36012,65395,1542,30949,0,91,0,20093,1597"
"Imports,""MO Makao"",69510,114960,46930,37483,53561,23166,16374,0,46138,0,20645,140,0,81,811,64624,1864"
"Imports,""MP Ziemeļu Marianas Salas"",0,0,0,0,0,0,0,0,0,0,0,0,0,0,0,0,0"
"Imports,""MR Mauritānija"",0,35154,50795,25866,94612,213036,127795,61954,481,330,0,215549,499,343,32480,1073247,1556"
"Imports,""MS Montserrata"",0,0,0,0,20,0,0,0,0,0,0,0,0,0,0,0,130"
"Imports,""MT Malta"",1007289,273157,302250,738210,616110,520170,320901,371773,646625,585127,1084550,1644032,919240,1358320,909287,944580,1134480"
"Imports,""MU Maurīcija"",118549,79797,6756,452,8797,1940,19579,76233,140774,204020,163117,100309,111534,125149,117883,265896,90050"
"Imports,""MV Maldīvija"",0,0,0,152,0,0,0,3345,0,167,0,6,94,0,2494,53,132"
"Imports,""MW Malāvija"",318835,166900,96609,25452,108532,4,15552,0,0,0,0,0,5,0,0,60,166"
"Imports,""MX Meksika"",1422302,2046889,2714480,4428670,1457413,2570905,2955400,4600858,3563813,5157222,5051881,4888789,5987049,20747149,17501280,12936616,13504989"
"Imports,""MZ Mozambika"",0,0,0,0,7738,0,682,3576,0,0,288408,0,0,0,0,0,132"
"Imports,""NA Namībija"",6461,14687,23900,5625,0,0,0,0,34320,0,29178,2159,0,698,3260,1352,655"
"Imports,""NC Jaunkaledonija"",0,0,0,0,0,0,0,0,0,0,0,0,0,0,0,0,0"
"Imports,""NE Nigēra"",0,388,889,2183,12510,0,0,0,0,0,0,0,0,0,176000,0,0"
"Imports,""NG Nigērija"",42701,15043,9122,18523,86221,58521,76325,75069,117609,68445,60947,47004,63617,205368,269521,235421,204743"
"Imports,""NI Nikaragva"",13143,13001,10216,3271,8556,8722,9408,18416,22881,34811,47328,54370,69658,40661,45804,64246,12740"
"Imports,""NL Nīderlande"",243658456,293270225,356613824,389456021,270988278,332989707,395109929,424452958,463217344,460735827,465070690,509132178,561637995,551922508,635388619,651476427,582619702"
"Imports,""NO Norvēģija"",82110337,182801139,114896392,81888817,94819282,88284921,93716111,69464268,59104046,59454270,49127307,42998202,48054961,65740278,65188969,58460961,60415345"
"Imports,""NP Nepāla"",45762,20722,20776,6324,9319,20036,13615,9958,22117,28452,41339,44681,45459,34229,32504,5120,50916"
"Imports,""NR Nauru"",0,0,0,0,0,0,0,13,0,0,0,0,0,0,0,0,0"
"Imports,""NU Niue"",0,0,0,0,0,0,0,0,0,0,0,0,0,0,0,0,0"
"Imports,""NZ Jaunzēlande"",1320496,1722828,1867503,1389863,621669,1173344,1937974,2187361,1932558,2413529,3219213,3101449,2571354,2200108,2566564,2134338,1815038"
"Imports,""OM Omāna"",51222,372789,333647,35537,0,0,0,0,21175,0,348543,0,89925,17859,0,1080,50524"
"Imports,""PA Panama"",55454,89970,18976,2047,0,385282,304978,236428,28202,15205,2878,11440,4921,18131,15957,29303,124012"
"Imports,""PE Peru"",617563,634993,185772,160487,115138,80725,68905,105327,235169,66798,209526,81807,369995,485176,965579,1747004,966073"
"Imports,""PF Franču Polinēzija"",0,0,0,0,0,0,0,0,0,0,0,0,0,0,0,0,0"
"Imports,""PG Papua-Jaungvineja"",0,0,0,0,0,0,0,2662,0,0,57721,0,63911,0,67392,0,53742"
"Imports,""PH Filipīnas"",527612,433914,609969,760576,366404,465240,1007273,1250061,1377613,1556283,886768,999825,1238553,1267571,1679678,1685680,1193887"
"Imports,""PY Paragvaja"",19849,1611,58834,36849,2053,778,11150,13441,24724,42416,58794,60201,1592,7603,2210,121625,107995"
"Imports,""PK Pakistāna"",906507,2246317,3044105,2782279,1368614,2996308,2731580,2920739,3278608,3721643,3319964,4018470,5056696,3964718,5862458,7213247,4237447"
"Imports,""PL Polija"",440987526,653628120,774001884,769341407,565191668,662558200,889212689,1077243989,1246066763,1435799851,1378691002,1314538219,1273082625,1394609264,1494829561,1542483249,1345588022"
"Imports,""PM Senpjēra un Mikelona"",0,0,0,0,0,0,0,0,0,0,0,0,0,0,0,0,0"
"Imports,""PR Puertoriko"",0,0,0,0,0,0,0,0,0,0,0,0,0,0,0,0,0"
"Imports,""PS Okupētā Palestīnas teritorija"",0,0,0,0,0,0,0,0,0,0,0,0,0,0,0,0,81"
"Imports,""PT Portugāle"",13759723,22307304,23989839,21173267,7253566,9242620,10071311,14078891,16790619,30669577,24462719,18090555,23553182,21807402,29998532,27874658,20632195"
"Imports,""PW Palau"",0,0,0,0,0,0,0,0,0,0,0,0,0,0,0,0,0"
"Imports,""QA Katara"",0,0,0,0,0,0,0,0,0,0,0,32360,242987,365,48855,71337,29246"
"Imports,""QQ Kuģu un lidmašīnu apgāde"",0,0,0,0,0,0,0,0,0,0,0,0,0,0,0,0,0"
"Imports,""QS Krājumi un rezerves tirdzn. ar trešajām valstīm"",0,0,0,0,0,0,0,0,0,0,0,0,0,0,0,0,0"
"Imports,""QU Nezināma valsts"",114818,0,0,0,0,0,0,0,0,0,0,0,0,0,0,0,0"
"Imports,""QW Bez sadalījuma pa valstīm (tirdzn. ar trešajām valstīm)"",0,0,0,0,0,0,0,0,0,0,0,0,0,0,0,0,0"
"Imports,""QZ Nav norādīts komerciālu vai militāru iemeslu dēļ (tirdzn. ar trešajām valstīm)"",0,0,0,0,0,0,0,0,0,0,0,0,0,0,0,0,0"
"Imports,""RO Rumānija"",1872031,4021451,7883480,8235324,13704133,6206612,18249338,14735938,24131769,20472504,17920916,17245719,20458877,27971101,72021815,55504585,42298686"
"Imports,""RU Krievijas Federācija (Krievija)"",588787771,710103210,929833129,1140105261,719537537,842019811,937859651,1177812713,1057667227,1085278218,1131921326,990030732,1094315682,1321655248,1080705604,931298809,1258827944"
"Imports,""RW Ruanda"",0,0,0,0,0,0,0,0,0,0,1599,2065,33572,84000,405,546,164"
"Imports,""SA Saūda Arābija"",85462,135288,120208,76572,0,11671,18112,123206,39100,150881,382924,80234,429605,128836,149558,66105,93997"
"Imports,""SB Zālamana salas"",0,0,0,0,0,0,0,0,0,0,0,10,0,0,0,0,0"
"Imports,""SC Seišelas"",6560,10383,565,2770,3873,153711,724356,790983,882567,758224,384477,668730,768658,592822,779929,547408,1124977"
"Imports,""SD Sudāna"",0,0,2902,7649,1060,3130,4851,1345,10308,12,1979,0,0,100,0,0,0"
"Imports,""SE Zviedrija"",353618496,456741922,540455822,473297212,239412974,298625402,420663246,421703294,437932219,395895049,413989453,435233744,456697116,489506094,522340399,511804122,417234662"
"Imports,""SG Singapūra"",1712299,4129446,2490222,3541614,1760268,2153430,4617326,5026580,5191141,4175993,3086504,4217357,10757605,5231455,6953859,6515919,6866717"
"Imports,""SH Sv. Helēnas Sala, Debesbraukšanas un Tristana da Kuņas salas"",0,0,0,0,0,0,0,0,0,0,0,0,0,0,0,0,0"
"Imports,""SI Slovēnija"",13818661,16015862,19769985,24874341,22613501,26315884,30539898,33673140,37659563,38784480,30068575,38857788,40429951,34504324,37704962,38725156,35598812"
"Imports,""SY Sīrijas Arābu Republika (Sīrija)"",86343,2284,10970,8999,4216,5432,129863,0,0,0,39809,14039,2198,0,0,0,0"
"Imports,""SK Slovākija"",48033221,60631693,71050426,107741260,44739055,60596187,88599527,124120389,116125169,122718043,132936874,146520438,138644712,142039184,145692005,131689369,101585173"
"Imports,""SL Sjerraleone"",0,0,99022,5711,0,0,363,0,0,237296,0,0,0,19661,119,0,31"
"Imports,""SM Sanmarīno"",122212,129833,205977,176707,22533,12807,71778,115305,173598,301959,80795,117077,156615,283320,335135,315796,276658"
"Imports,""SN Senegāla"",0,162,0,0,0,0,0,0,1228,0,218120,53518,62,844,0,37254,173763"
"Imports,""SO Somālija"",0,0,0,6321,5524,3079,0,1662,0,4099,0,0,0,0,0,0,0"
"Imports,""SR Surinama"",0,0,0,0,0,0,0,0,0,0,477,0,0,892,0,17797,13892"
"Imports,""SS Dienvidsudāna"",0,0,0,0,0,0,0,0,0,0,4785,869,5914,0,4344,1625,0"
"Imports,""ST Santome un Prinsipi"",0,0,0,0,0,0,0,0,0,0,0,0,0,0,0,0,0"
"Imports,""SV Salvadora"",449,391,1656,179,627,22056,137,365,388,22775,1092,3056,1114,2531,21096,26656,59848"
"Imports,""SX Senmartēna"",0,0,0,0,0,0,0,0,0,14,0,5,2484,408,305,3585,268"
"Imports,""SZ Svatini (bijusī Svazilenda)"",0,0,0,0,44313,0,0,0,0,0,42,182,0,0,0,88,0"
"Imports,""TC Tērksas un Kaikosas salas"",0,0,0,0,0,0,0,0,0,0,0,0,0,0,0,0,0"
"Imports,""TD Čada"",0,0,0,0,0,0,0,0,39,0,401,3256,6580,313117,0,0,0"
"Imports,""TF Francijas Dienvidjūru teritorijas"",0,0,0,0,0,0,0,0,0,0,0,0,0,0,140,0,0"
"Imports,""TG Togo"",4984,0,0,0,0,0,0,0,0,4064,585,0,0,0,0,0,0"
"Imports,""TH Taizeme"",6114672,8835163,11639573,10265974,4224614,8891162,31628014,10530094,10200261,11802887,6986604,8066234,9866131,12936680,15565932,15093029,18697704"
"Imports,""TJ Tadžikistāna"",613867,293673,661260,187948,66969,7291,17489,0,0,3330,6399,123928,279112,11577,135,19873,882"
"Imports,""TK Tokelau"",0,0,0,0,0,0,0,6787,0,211,0,0,0,1301,141,0,0"
"Imports,""TL Austrumtimora"",0,0,0,0,0,0,0,0,0,0,0,0,0,0,0,0,0"
"Imports,""TM Turkmenistāna"",276407,815894,618081,222969,187338,84065,486549,7012,52189,33197,31780,0,15,19533,60511,12973,37621"
"Imports,""TN Tunisija"",143862,40055,21586,270727,151339,98556,65509,293847,293500,398663,250483,277902,281219,256091,425184,287586,210949"
"Imports,""TO Tonga"",0,0,0,0,0,0,0,0,0,0,0,0,0,0,0,262,0"
"Imports,""TR Turcija"",43528495,53088537,64854313,45931207,28229358,39053134,47841429,62777774,66353524,96054842,77176818,79190113,93679470,106548001,110370497,98174592,93109770"
"Imports,""TT Trinidāda un Tobāgo"",0,0,0,0,0,0,0,0,0,0,0,224,928,57,0,0,0"
"Imports,""TV Tuvalu"",0,0,0,0,0,0,0,0,0,0,0,0,0,0,0,0,0"
"Imports,""TW Taivāna"",20878508,32889388,35814548,34119862,17613766,25502693,34329968,31062047,40761395,50406016,72081764,73548880,83469073,74781040,68196709,74997723,79283406"
"Imports,""TZ Tanzānija"",1224,5938,0,8668,15639,36744,43683,22861,14147,99213,7177,113714,122908,46015,0,576,103221"
"Imports,""UA Ukraina"",132253795,95449507,110732556,100391927,81194401,93053755,138149540,174541653,129487533,109087812,95976306,110456870,150276250,163049584,185146864,182234527,160295149"
"Imports,""UG Uganda"",144116,35605,0,600,0,0,1088,3990,7995,12977,10807,227613,528891,467537,532210,571876,43594"
"Imports,""UY Urugvaja"",55632,16977,41625,74275,56244,260774,212382,16159,125046,108591,46111,56711,12589,66642,48858,115399,68456"
"Imports,""UM ASV Mazās aizjūras salas"",0,0,0,0,0,0,0,0,0,0,0,0,0,0,290,1332,50"
"Imports,""US Amerikas Savienotās Valstis"",73549405,83325631,126181383,104263553,58286851,47684236,77303722,94058451,83033144,72616794,87652261,102320050,172677592,266451010,151267905,153149523,143911499"
"Imports,""UZ Uzbekistāna"",11890459,6180044,7732866,8952340,2652244,6750156,7015200,6583650,9210311,8951365,9135685,8028272,8072627,9600263,8583675,7564800,10060718"
"Imports,""VA Vatikāns"",0,0,0,0,0,0,0,0,0,0,0,0,0,0,0,0,111"
"Imports,""VC Sentvinsenta un Grenadīnas"",0,0,922,0,0,616,0,0,0,0,0,110,0,0,0,0,0"
"Imports,""VE Venecuēlas Bolivāra Republika (Venecuēla)"",3873,124,2883,0,0,494,11292,1345,1896,284,0,0,386,26145770,0,31742,0"
"Imports,""VG Britu Virdžīnas"",38932,425648,489341,74726,1484,23944,0,235707,2991,184441,0,0,52408,123,16690,0,23"
"Imports,""VI ASV Virdžīnu salas"",0,0,0,0,261,0,0,0,194,0,109,129,0,0,0,0,0"
"Imports,""VN Vjetnama"",2657863,3054476,3679778,5698571,5291931,5578214,14484631,45274543,85098101,82468678,103373708,110124127,118118296,134988750,164102843,170462700,134163366"
"Imports,""VU Vanuatu"",0,0,0,0,0,0,0,0,0,0,0,0,0,0,0,406,133"
"Imports,""WS Samoa"",0,0,0,0,0,0,0,0,0,0,0,0,0,0,0,0,0"
"Imports,""XC Seūta"",0,0,0,0,0,0,0,0,0,0,0,0,0,0,0,0,0"
"Imports,""XK Kosova"",4352,10465,0,2096,10411,5494,13436,1490,640,0,529,25244,683776,64566,162849,19704,141763"
"Imports,""XL Meliļa"",0,0,0,0,0,0,0,0,0,0,0,0,0,0,0,0,0"
"Imports,""XM Melnkalne"",0,375,0,0,0,0,0,0,0,0,0,0,0,0,0,0,0"
"Imports,""XS Serbija"",1244750,5584781,10571999,4093299,3243464,3053424,3312587,2481340,3123633,5554935,3996908,2938000,3672659,4042910,6564138,6816511,7821392"
"Imports,""ZA Dienvidāfrika"",1112462,986213,1547160,2083395,882649,1386198,784411,1729524,1061094,882394,1276196,1309468,1554562,2068316,5118431,1456850,1225754"
"Imports,""ZM Zambija"",0,63330,0,125319,0,0,47,2300,0,0,0,6371,993,0,271,16867,572"
"Imports,""ZW Zimbabve"",171884,126858,37023,109518,167651,0,215,0,21,10914,44890,497,0,235,214928,0,8"
"Imports,""QY Nav norādīts komerciālu vai militāru iemeslu dēļ (tirdzn. ES ietvaros)"",0,0,0,0,0,109729636,0,0,0,0,0,0,0,0,0,0,0"
"Imports,""QR Kuģu un lidmašīnu apgāde ES"",7930,0,0,0,0,0,0,0,0,0,0,0,0,0,0,0,0"
"Imports,""QV Bez sadalījuma pa valstīm (tirdzn. ES ietvaros)"",0,0,0,0,0,0,0,0,0,0,0,0,0,0,0,0,0"